{"cameraMode":{"drawMode":0,"name":"Shaded","section":"Shading Mode"},"sceneLighting":true,"audioPlay":false,"sceneViewState":{"showFog":true,"showMaterialUpdate":false,"showSkybox":true,"showFlares":true,"showImageEffects":true,"showParticleSystems":true},"in2DMode":false,"pivot":{"x":283.3807373046875,"y":326.8798828125,"z":494.1622619628906},"rotation":{"x":-0.10890941321849823,"y":0.08191269636154175,"z":0.009005386382341385,"w":0.9906301498413086},"size":847.3812255859375,"orthographic":false}