{"cameraMode":{"drawMode":0,"name":"Shaded","section":"Shading Mode"},"sceneLighting":true,"audioPlay":false,"sceneViewState":{"showFog":true,"showMaterialUpdate":false,"showSkybox":true,"showFlares":true,"showImageEffects":true,"showParticleSystems":true},"in2DMode":false,"pivot":{"x":249.3334503173828,"y":95.01001739501953,"z":51.99139404296875},"rotation":{"x":-0.2596958577632904,"y":-0.22429712116718293,"z":0.062149979174137118,"w":-0.9372226595878601},"size":291.54278564453127,"orthographic":false}