{"cameraMode":{"drawMode":0,"name":"Shaded","section":"Shading Mode"},"sceneLighting":true,"audioPlay":false,"sceneViewState":{"showFog":true,"showMaterialUpdate":false,"showSkybox":true,"showFlares":true,"showImageEffects":true,"showParticleSystems":true},"in2DMode":false,"pivot":{"x":211.5133056640625,"y":147.2632293701172,"z":55.89369583129883},"rotation":{"x":0.037368327379226688,"y":-0.08085470646619797,"z":0.003033542539924383,"w":0.9960205554962158},"size":98.28215026855469,"orthographic":false}